{"text": " Hello hello 123 hello my test handling different languages hello hello 123", "segments": [{"id": 0, "seek": 0, "start": 0.0, "end": 6.5200000000000005, "text": " Hello hello 123 hello my test handling different languages hello hello 123", "tokens": [50364, 2425, 7751, 34466, 7751, 452, 1500, 13175, 819, 8650, 7751, 7751, 34466, 50690], "temperature": 0.0, "avg_logprob": -0.5984031677246093, "compression_ratio": 1.2131147540983607, "no_speech_prob": 0.27556148171424866}], "language": "en"}